id_registro,fecha,semana,mes,mes_num,siembra,cama,variedad,tallos_procesados,tallos_70,tallos_60,tallos_55,tallos_50,nacional,basura,aprovechamiento_pct,descarte_pct,ingreso_total,estado_aprovechamiento,estado_descarte,observaciones
1,2026-03-30,14,Marzo,3,,,GREEN,4250.0,3370.0,0.0,0.0,0.0,860.0,20.0,0.9952941176470588,0.004705882352941176,0.0,OK,OK,Importado de REPORTE POSCOSECHA 1.xlsx
2,2026-04-03,14,Abril,4,,,GREEN,3800.0,780.0,600.0,630.0,0.0,1760.0,30.0,0.9921052631578947,0.007894736842105263,0.0,OK,OK,Importado de REPORTE POSCOSECHA 1.xlsx
3,2026-04-03,14,Abril,4,,,PEACH,1400.0,440.0,440.0,280.0,0.0,230.0,10.0,0.9928571428571429,0.007142857142857143,0.0,OK,OK,Importado de REPORTE POSCOSECHA 1.xlsx
4,2026-04-06,15,Abril,4,14,7,PEACH,150.0,0.0,0.0,130.0,0.0,20.0,0.0,1.0,0.0,0.0,OK,OK,Importado de REPORTE POSCOSECHA 1.xlsx
5,2026-04-09,15,Abril,4,,,PEACH,2700.0,480.0,940.0,1130.0,0.0,135.0,15.0,0.9944444444444445,0.005555555555555556,0.0,OK,OK,Importado de REPORTE POSCOSECHA 1.xlsx
6,2026-04-16,16,Abril,4,,,GREEN,3650.0,450.0,1850.0,1200.0,0.0,130.0,20.0,0.9945205479452055,0.005479452054794521,0.0,OK,OK,Importado de REPORTE POSCOSECHA 1.xlsx
7,2026-04-17,16,Abril,4,,,PEACH,2230.0,910.0,540.0,250.0,0.0,520.0,10.0,0.9955156950672646,0.004484304932735426,0.0,OK,OK,Importado de REPORTE POSCOSECHA 1.xlsx
8,2026-04-18,16,Abril,4,,,GREEN,5400.0,820.0,1150.0,2080.0,0.0,1290.0,60.0,0.9888888888888889,0.011111111111111112,0.0,OK,OK,Importado de REPORTE POSCOSECHA 1.xlsx
9,2026-04-20,17,Abril,4,,,GREEN,10400.0,2290.0,2780.0,4850.0,0.0,440.0,40.0,0.9961538461538462,0.0038461538461538464,0.0,OK,OK,Importado de REPORTE POSCOSECHA 1.xlsx
10,2026-04-21,17,Abril,4,,,GREEN,11000.0,3610.0,2520.0,2470.0,0.0,2380.0,20.0,0.9981818181818182,0.0018181818181818182,0.0,OK,OK,Importado de REPORTE POSCOSECHA 1.xlsx
11,2026-04-22,17,Abril,4,,,GREEN,450.0,0.0,450.0,0.0,0.0,0.0,0.0,1.0,0.0,0.0,OK,OK,Importado de REPORTE POSCOSECHA 1.xlsx
12,2026-04-22,17,Abril,4,,,PEACH,6800.0,0.0,1600.0,0.0,0.0,5200.0,0.0,1.0,0.0,0.0,OK,OK,Importado de REPORTE POSCOSECHA 1.xlsx
13,2026-04-23,17,Abril,4,,,PEACH,10000.0,560.0,2560.0,0.0,6000.0,880.0,0.0,1.0,0.0,0.0,OK,OK,Importado de REPORTE POSCOSECHA 1.xlsx
14,2026-04-23,17,Abril,4,,,GREEN,1000.0,0.0,400.0,400.0,0.0,180.0,20.0,0.98,0.02,0.0,OK,OK,Importado de REPORTE POSCOSECHA 1.xlsx
15,2026-04-24,17,Abril,4,,,,8500.0,2250.0,300.0,3950.0,0.0,2000.0,0.0,1.0,0.0,0.0,OK,OK,Importado de REPORTE POSCOSECHA 1.xlsx
16,2026-04-27,18,Abril,4,,,,6800.0,1000.0,2000.0,3540.0,0.0,240.0,20.0,0.9970588235294118,0.0029411764705882353,0.0,OK,OK,Importado de REPORTE POSCOSECHA 1.xlsx
17,2026-04-28,18,Abril,4,,,GREEN,3450.0,0.0,1190.0,1330.0,930.0,0.0,0.0,1.0,0.0,0.0,OK,OK,Importado de REPORTE POSCOSECHA 1.xlsx
18,2026-04-28,18,Abril,4,,,PEACH,940.0,170.0,190.0,330.0,250.0,0.0,0.0,1.0,0.0,0.0,OK,OK,Importado de REPORTE POSCOSECHA 1.xlsx
19,2026-05-07,19,Mayo,5,,,GREEN,8400.0,110.0,1150.0,2590.0,0.0,4540.0,10.0,0.9988095238095238,0.0011904761904761906,0.0,OK,OK,Importado de REPORTE POSCOSECHA 1.xlsx
20,2026-05-11,20,Mayo,5,,,GREEN,1920.0,0.0,640.0,1280.0,0.0,0.0,0.0,1.0,0.0,0.0,OK,OK,Importado de REPORTE POSCOSECHA 1.xlsx
21,2026-05-14,20,Mayo,5,13,,GREEN,5800.0,290.0,640.0,1300.0,0.0,3540.0,30.0,0.9948275862068966,0.005172413793103448,0.0,OK,OK,Importado de REPORTE POSCOSECHA 1.xlsx
22,2026-05-14,20,Mayo,5,,,PEACH,360.0,0.0,0.0,0.0,0.0,360.0,0.0,1.0,0.0,0.0,OK,OK,Importado de REPORTE POSCOSECHA 1.xlsx
23,2026-05-19,21,Mayo,5,,,PEACH,3360.0,120.0,370.0,550.0,0.0,2310.0,10.0,0.9970238095238095,0.002976190476190476,0.0,OK,OK,Importado de REPORTE POSCOSECHA 1.xlsx
24,2026-06-01,23,Junio,6,1,2 3,RED,4100.0,2720.0,950.0,230.0,0.0,180.0,20.0,0.9951219512195122,0.004878048780487805,0.0,OK,OK,Importado de REPORTE POSCOSECHA 1.xlsx
25,2026-06-01,23,Junio,6,1,,PEACH,1200.0,350.0,390.0,430.0,0.0,20.0,10.0,0.9916666666666667,0.008333333333333333,0.0,OK,OK,Importado de REPORTE POSCOSECHA 1.xlsx
26,2026-06-03,23,Junio,6,1,,PEACH,3300.0,3150.0,0.0,0.0,0.0,150.0,0.0,1.0,0.0,0.0,OK,OK,Importado de REPORTE POSCOSECHA 1.xlsx
27,2026-06-05,23,Junio,6,1,6 7,RED,4000.0,1970.0,1360.0,370.0,0.0,300.0,0.0,1.0,0.0,0.0,OK,OK,Importado de REPORTE POSCOSECHA 1.xlsx
28,2026-06-05,23,Junio,6,1,,PEACH,2200.0,0.0,150.0,960.0,1010.0,80.0,0.0,1.0,0.0,0.0,OK,OK,Importado de REPORTE POSCOSECHA 1.xlsx
29,2026-06-05,23,Junio,6,,,GREEN,160.0,0.0,0.0,0.0,0.0,160.0,0.0,1.0,0.0,0.0,OK,OK,Importado de REPORTE POSCOSECHA 1.xlsx
30,2026-06-06,23,Junio,6,1,,PEACH,3940.0,0.0,340.0,1930.0,1470.0,200.0,0.0,1.0,0.0,0.0,OK,OK,Importado de REPORTE POSCOSECHA 1.xlsx
31,2026-06-08,24,Junio,6,1,,PEACH,2000.0,150.0,440.0,560.0,610.0,240.0,0.0,1.0,0.0,0.0,OK,OK,Importado de REPORTE POSCOSECHA 1.xlsx
32,2026-06-08,24,Junio,6,1,3,RED,1790.0,280.0,580.0,450.0,300.0,160.0,20.0,0.9888268156424581,0.0111731843575419,0.0,OK,OK,Importado de REPORTE POSCOSECHA 1.xlsx
